id,name,slug,provider,tags,layerCount,layerNames,createdAt,dataLastUpdated,updatedAt
3dd68cff-a4b8-4d45-8799-a5d433e75e60,NDC stats for countries,NDC-stats-for-countries-1490086842461,json,,0,,2016-11-08T13:04:02.004Z,,2020-10-07T13:50:59.889Z
e663eb09-04de-4f39-b871-35c6c2ed10b5,Deforestation alerts (GLAD),GLAD-data-for-download-1490086842133,csv,"deforestationAlerts, forestChange",0,,2017-03-06T15:16:13.123Z,,2020-10-07T22:20:30.620Z
85f82851-e16e-4126-a630-93bb63d4ef42,Terra I alerts summarized by admin 1 boundary from GADM2.8,Terra-I-alerts-summarized-by-admin-1-boundary-from-GADM28-1490086842463,json,forestChange,0,,2017-03-15T15:24:29.766Z,,2020-10-07T13:53:17.208Z
acee82c1-e621-4ba6-8e37-0e7075aa73ff,Global Forest Watch - Countries config,Global-Forest-Watch-Countries-config-1490086842549,cartodb,,0,,2017-03-15T09:39:02.137Z,,2018-11-21T13:54:57.680Z
3d170908-043f-49db-b26b-9e9bfaaa40ce,GFW - Climate: Insights - Glad Alerts Countries Data,GFW-Climate-Insights-Glad-Alerts-Countries-Data-1490086842461,json,,0,,2016-09-27T14:20:12.745Z,,2020-10-07T13:50:57.872Z
9cd1da2d-ab39-4fd9-9487-beea1d56dbac,Forma Activity,Forma-Activity,cartodb,"deforestationAlerts, forestChange",0,,2017-05-10T13:25:28.738Z,,2018-11-21T13:54:57.511Z
7457f9df-6d97-41fd-b6bb-61fae4e1e5ee,Oil and gas concessions (LM v3) (v202301),Oil-and-gas-concessions-LM-v3-v202301,cartodb,"3.0, concessions, landUse, staging",1,Oil and gas concessions,2023-01-05T15:48:14.946Z,,2023-01-05T15:48:26.601Z
044f4af8-be72-4999-b7dd-13434fc4a394,Tree cover,Tree-cover,gee,landCover,0,,2018-11-21T13:55:01.210Z,,2018-11-21T13:55:01.210Z
b3d076cc-b150-4ccb-a93e-eca05d9ac2bf,soc.064.02 Political Boundaries (Second Subnational Level),Politcial-Boundaries-GADM-adminitrative-level-2-1490086842547,cartodb,,0,,2017-03-13T12:21:47.444Z,,2018-11-21T13:54:57.848Z
090d9119-0a2d-418b-b653-e12526d82b7b,Biodiversity Hotspots (LM v3) (v202208),Biodiversity-Hotspots-LM-v3-v202208,cartodb,"3.0, biodiversity, staging",1,Biodiversity hot spots - 2016,2022-08-26T09:43:56.149Z,,2022-08-26T09:44:14.898Z
3f633a05-a3c9-44a5-939c-aecae35fe63e,NDC stats for countries,NDC-stats-for-countries-1490086842462,json,,0,,2016-11-08T12:55:56.867Z,,2020-10-07T13:51:06.926Z
573958c9-8a56-4f66-9f88-59a23c412ecb,Endemic Bird Areas (LM v3) (v202208),Endemic-Bird-Areas-LM-v3-v202208,cartodb,"3.0, biodiversity, staging",1,BirdLife Endemic Bird Areas - 2014,2022-08-26T09:48:02.286Z,,2022-08-26T09:48:14.226Z
916022a9-2802-4cc6-a0f2-a77f81dd0c09,Global Forest Watch - Home page news,Global-Forest-Watch-Home-page-news,cartodb,,0,,2017-03-23T08:14:54.211Z,,2018-11-21T13:54:57.309Z
6d8dd933-30ec-4b9b-b7ec-993505329003,Peru permanent production forests (LM v3)(v202301),Peru-permanent-production-forests-LM-v3v202301,cartodb,"3.0, concessions, landUse, staging",1,Peru permanent production forests - 2015,2023-01-11T08:25:54.256Z,,2023-01-11T08:26:06.909Z
428db321-5ebb-4e86-a3df-32c63b6d3c83,"GLAD alerts summary stats grouped by year, week, iso, adm1 and adm2",GLAD-alerts-summary-stats-grouped-by-year-week-iso-adm1-and-adm2,csv,"deforestationAlerts, forestChange",0,,2019-06-28T23:54:46.922Z,,2020-10-09T05:35:46.010Z
ff289906-aa83-4a89-bba0-562edd8c16c6,Fire alerts summary stats,Fire-alerts-summary-stats_2,csv,"firesAlerts, forestChange",0,,2019-07-02T02:24:04.538Z,,2020-10-08T18:03:36.729Z
5bc5cd49-706f-409c-b10d-77fdfecb010f,Fire alerts summary stats,Fire-alerts-summary-stats_1,csv,"firesAlerts, forestChange",0,,2018-11-21T14:02:20.112Z,,2020-10-09T01:43:08.195Z
239fa1bb-7f02-4303-9f72-2132b91c90be,Indonesia Leuser ecosystem (LM v3)(v202301),Indonesia-Leuser-ecosystem-LM-v3v202301,cartodb,"3.0, conservation, landUse, staging",1,Indonesia Leuser ecosystem - 2013,2023-01-12T14:50:49.180Z,,2023-01-12T14:51:00.847Z
0f24299d-2aaa-4afc-945c-b614028c12d1,Fire alerts summary stats,Fire-alerts-summary-stats,csv,"firesAlerts, forestChange",0,,2019-07-02T02:24:03.945Z,,2020-10-08T18:12:37.828Z
4145f642-5455-4414-b214-58ad39b83e1e,"Fire alerts (MODIS and VIIRS) summary stats grouped by date, polyname, iso, adm1 and adm2",Fire-alerts-MODIS-and-VIIRS-summary-stats-grouped-by-date-polyname-iso-adm1-and-adm2,csv,"firesAlerts, forestChange",0,,2019-06-29T03:31:52.924Z,,2020-10-09T05:58:35.487Z
b2b150da-3078-4121-8e46-67fdb9eda5e5,Indonesia land cover (LMv3)(202301),Indonesia-land-cover-v202205v202301,cartodb,"3.0, landCover, staging",1,Indonesia land cover - 2017,2023-01-12T15:12:07.142Z,,2023-01-12T15:13:11.440Z
a20e9c0e-8d7d-422f-90f5-3b9bca355aaf,country page data for admin level 2,country-page-data-for-admin-level-2,json,,0,,2018-11-21T14:02:21.137Z,,2020-10-07T13:56:19.409Z
8f22dec5-2aea-49d6-8a7b-c494dbb8095c,Political boundaries Admin 1 level (GADM 3.6),Political-boundaries-Admin-1-level-GADM-36,cartodb,,0,,2018-11-21T14:03:02.332Z,,2018-11-21T14:03:02.332Z
60db4603-84fd-487b-b0b8-2db9e13df0f5,Mongabay Stories,Mongabay-Stories,cartodb,stories,0,,2018-11-21T14:04:15.869Z,,2018-11-21T14:04:15.869Z
a8dc9474-ba42-4ae3-a7d3-d8df5f1e78df,Political boundaries (GADM 3.6),Political-boundaries-GADM-36,cartodb,,0,,2018-11-21T14:03:02.096Z,,2018-11-21T14:03:02.096Z
be20becc-c59f-425a-99d6-36de58b1c1f6,Mining concessions (LM v3) (v202205),Mining-concessions-LM-v3-v202205,cartodb,"3.0, concessions, landUse, staging",1,Mining Concessions,2022-05-30T07:08:17.993Z,,2022-05-30T07:12:29.878Z
7cc6ac21-c8ef-4dd8-a181-8967721a15a4,Political boundaries Admin 2 level (GADM 3.6),Political-boundaries-Admin-2-level-GADM-36,cartodb,,0,,2018-11-21T14:03:02.558Z,,2018-11-21T14:03:02.558Z
9b9e56fc-270e-486d-8db5-e0a839c9a1a9,Fire alerts summary stats - adm1,Fire-alerts-summary-stats-adm1,csv,,0,,2019-07-02T02:24:03.188Z,,2020-10-08T18:06:36.740Z
091cab6a-3a78-4015-a7b4-7a5d46ccf50b,Tree plantations by type - 2013-2014 CLONE,Tree-plantations-by-type-2013-2014-CLONE,cartodb,,0,,2019-04-05T11:55:25.568Z,,2019-04-05T11:55:25.568Z
b171a600-eabe-404e-8fc5-6173eb11af48,Tropical Tree Cover (v202306),Tropical-Tree-Cover-v202205,gfw,"3.0, landCover, preproduction, production",2,Tropical tree cover (10m) | Tropical tree cover (0.5 ha),2023-06-05T13:46:01.117Z,,2023-06-06T08:00:18.943Z
fe80bbb1-90e5-4ab6-ae10-3bce6abcc0fb,Global Mangrove Forests,Global-Mangrove-Forests_1,cartodb,,0,,2019-01-24T13:18:18.935Z,,2019-01-24T13:18:18.935Z
cdc5217b-09b7-461d-961d-dc262ba2b4be,Tree cover loss 2018 - GADMv3.6 ADM1 summary - v20190423,Tree-cover-loss-2018-GADMv36-ADM1-summary-v20190423,json,,0,,2019-04-26T11:05:54.394Z,,2020-10-07T14:38:44.001Z
2b247346-2a1c-4dbf-a934-dd529deed869,CMR 9.1 test data NULL Thomas,CMR-91-test-data-NULL-Thomas,json,,0,,2019-04-25T17:56:54.762Z,,2020-10-07T14:38:39.847Z
01e90557-91f1-4da2-a810-a1bdd38e7824,Test Data A Thomas,Test-Data-A-Thomas,json,,0,,2019-04-29T19:23:44.046Z,,2020-10-07T14:38:47.792Z
97546f05-3dce-4dd0-9abf-80fd1bff9cee,Tree cover loss 2018 - GADMv3.6 ISO summary - v20190423,Tree-cover-loss-2018-GADMv36-ISO-summary-v20190423,json,,0,,2019-04-26T19:05:14.067Z,,2020-10-07T14:40:45.803Z
bd42375f-0983-4e4f-9602-806eb2c26401,Tree cover loss 2018 - GADMv3.6 ADM2 summary - v20190423,Tree-cover-loss-2018-GADMv36-ADM2-summary-v20190423,json,,0,,2019-04-26T11:06:37.807Z,,2020-10-07T14:38:45.065Z
f56a1761-d6be-40ec-9cd3-df16d3588480,Tree cover loss 2018 - GADMv3.6 ADM2 summary - v20190429,Tree-cover-loss-2018-GADMv36-ADM2-summary-v20190429,json,,0,,2019-04-30T04:01:03.016Z,,2020-10-07T14:43:48.316Z
64632828-d5fa-4b94-be53-92b9e7b069a5,Test Data C Thomas,Test-Data-C-Thomas,json,,0,,2019-04-26T21:42:09.214Z,,2020-10-07T14:40:45.928Z
e10f4382-c7c4-4205-a484-17b9d60a68f5,Test Data Rows,Test-Data-Rows,json,,0,,2019-04-30T16:15:28.073Z,,2020-10-07T14:38:49.876Z
9c0dfd21-53dd-40a2-9239-6cf292bd80c0,ISO test data 2 Thomas,ISO-test-data-2-Thomas,json,,0,,2019-04-25T15:13:14.871Z,,2020-10-07T14:38:38.624Z
14b96e54-087d-4ac9-9447-a50409c63cab,Cumulative clone,Cumulative-clone,gee,,0,,2019-06-28T09:17:54.804Z,,2019-06-28T09:17:55.359Z
f649ed25-a0e3-4224-aeef-5d2ddb517745,Example NLCD Dataset,Example-NLCD-Dataset_7,json,,0,,2019-08-06T16:09:14.468Z,,2020-10-07T15:15:33.360Z
5677bbad-8778-4176-9a9a-b51c9a9cfa22,Example NLCD Dataset,Example-NLCD-Dataset_5,json,,0,,2019-08-06T15:56:56.072Z,,2020-10-07T15:15:30.322Z
a704b555-1e84-492e-b0b9-26b942f38c37,Example NLCD Dataset,Example-NLCD-Dataset,json,,0,,2019-08-06T12:42:51.339Z,,2020-10-07T15:15:20.233Z
5fa6b464-4777-49e8-a663-5907eb668927,Example NLCD Dataset,Example-NLCD-Dataset_3,json,,0,,2019-08-06T15:53:39.914Z,,2020-10-07T15:15:25.879Z
3af93a5a-a32a-43b0-926b-240a397c4f74,Example NLCD Dataset,Example-NLCD-Dataset_8,json,,0,,2019-08-07T07:37:10.540Z,,2020-10-07T15:15:34.810Z
82a317da-1fec-4bd0-b9d6-ebe786b9f269,Tree Cover Loss 2018 Summary - GADM Adm2 level - v20190701,Tree-Cover-Loss-2018-Summary-GADM-Adm2-level-v20190701,json,,0,,2019-07-02T13:48:50.589Z,,2020-10-07T16:01:14.220Z
869fea5e-ddde-4ef4-be9e-f1694508029a,Example NLCD Dataset,Example-NLCD-Dataset_4,json,,0,,2019-08-06T15:54:39.373Z,,2020-10-07T15:15:27.328Z
10e124f0-3703-41e3-8136-492b131d5326,Tree Cover Loss 2018 Summary - GADM ISO level - v20190701,Tree-Cover-Loss-2018-Summary-GADM-ISO-level-v20190701,json,,0,,2019-07-01T21:15:29.828Z,,2020-10-07T15:20:09.371Z
857b515e-2b36-41b5-a58c-d4e7202e254a,Tree Cover Loss 2018 Summary - GADM Adm1 level - v20190701,Tree-Cover-Loss-2018-Summary-GADM-Adm1-level-v20190701,json,,0,,2019-07-01T23:39:52.428Z,,2020-10-07T15:30:21.139Z
a92ceeea-684a-4d39-89e1-4ca97673cb5a,Example NLCD Dataset,Example-NLCD-Dataset_6,json,,0,,2019-08-06T16:04:46.832Z,,2020-10-07T15:15:31.356Z
b94be15a-782a-416b-be4f-9c1992fa5843,Example NLCD Dataset,Example-NLCD-Dataset_1,json,,0,,2019-08-06T12:51:04.726Z,,2020-10-07T15:15:22.234Z
e70c58b8-e483-476e-a5ea-9fed320df5ec,Example NLCD Dataset,Example-NLCD-Dataset_2,json,,0,,2019-08-06T15:17:18.774Z,,2020-10-07T15:15:25.087Z
6e87c089-579a-4e67-a63d-7b74710fb633,Global mangrove extent (LM v3) (v202310),Global-mangrove-extent-LM-v3-v202310,wms,"3.0, landCover, staging",1,Global mangrove extent - 2020,2023-10-23T16:07:04.793Z,,2023-10-23T16:07:17.258Z
5fee9614-e248-4b3b-b034-a1fff914bd5b,Protected Areas Vector Tiles (LM v3)(v202310),Protected-Areas-Vector-Tiles-LM-v3v202310,cartodb,"3.0, conservation, landUse, staging",1,Protected Areas - July 2024,2023-10-23T16:15:04.587Z,,2023-10-23T16:15:15.543Z
866281ee-dcfb-433e-9ef6-02881194196c,GLAD Alerts Summary - geostore - latest,GLAD-Alerts-Summary-geostore-latest,tsv,,0,,2019-11-28T12:57:06.578Z,,2020-10-07T15:38:49.455Z
e71a3cad-5168-4f2a-a370-6690752128be,GLAD Alerts Weekly Change - geostore - latest,GLAD-Alerts-Weekly-Change-geostore-latest,tsv,,0,,2019-11-28T12:59:02.784Z,,2020-10-07T15:38:50.574Z
2aea608a-acee-4605-ac58-0245796f7c45,Tree Cover Loss 2018 Summary - minimal - geostore - latest,Tree-Cover-Loss-2018-Summary-minimal-geostore-latest,tsv,,0,,2019-11-28T13:09:33.289Z,,2020-10-07T15:38:52.357Z
afcce3ed-bec9-46f8-aa7c-e679e4b9ee5e,Soy Planted Area (v202211),Soy-Planted-Area-v202211,wms,"3.0, landCover, staging",1,Soy planted area,2022-11-18T14:51:49.388Z,,2022-11-18T14:52:00.973Z
1f016faa-5940-4dd3-a848-a00086e20e38,Wood fiber concessions (LM v3),Wood-fiber-concessions-LM-v3,cartodb,"3.0, concessions, landUse, preproduction, production",1,Wood fiber concessions,2020-03-12T11:37:55.814Z,,2020-03-31T08:30:38.283Z
d0a44e1d-7c07-4182-9d50-315cbcaa6ae1,Alliance for Zero Extinction sites (LM v3),Alliance-for-Zero-Extinction-sites-LM-v3,cartodb,"3.0, biodiversity, preproduction, production",1,Alliance for Zero Extinction sites - 2018,2020-03-12T11:35:44.494Z,,2020-03-31T08:30:05.578Z
4ed47a85-0304-42ad-8dac-c4af7da83c28,Land cover (LM v3),Land-cover-LM-v3,wms,"3.0, landCover, preproduction, production",1,Land cover - 2015,2020-03-19T11:31:07.432Z,,2020-03-31T08:31:46.999Z
34c1b7a3-5d06-4fb4-995c-efcefdad80f9,RSPO oil palm concessions (LM v3),RSPO-oil-palm-concessions-LM-v3,cartodb,"3.0, concessions, landUse, preproduction, production",1,RSPO oil palm concessions - 2019,2020-03-12T11:36:24.722Z,,2020-03-31T08:30:14.263Z
9be3bf63-97fc-4bb0-b913-775ccae3cf9e,Glad Alerts - Daily - Geostore - User Areas,Glad-Alerts-Daily-Geostore-User-Areas_3,tsv,,0,,2019-11-21T16:35:50.418Z,,2020-10-07T15:38:47.713Z
62c3d70c-d218-458f-8342-ee6a2b0ba434,Logging concessions (LM v3),Logging-concessions-LM-v3_1,cartodb,"3.0, concessions, landUse, preproduction, production",1,Logging concessions,2020-03-12T11:36:31.552Z,,2020-03-31T08:30:16.521Z
98682a9d-dcab-4d4d-9bb4-8c94effd3a22,Terrestrial ecoregions (LM v3),Terrestrial-ecoregions-LM-v3,cartodb,"3.0, preproduction, production",1,Terrestrial ecoregions,2020-03-12T11:38:27.864Z,,2020-03-31T08:30:47.636Z
c5aac280-9dac-4e97-8f44-afc52a52c255,Oil palm concessions (LM v3),Oil-palm-concessions-LM-v3,cartodb,"3.0, concessions, landUse, preproduction, production",1,Oil palm concessions,2020-03-12T11:38:03.652Z,,2020-03-31T08:30:40.735Z
a61f14f5-ad0f-45b7-b365-99f9de3754b3,Glad Alerts - Daily - Geostore - User Areas,Glad-Alerts-Daily-Geostore-User-Areas,csv,,0,,2019-11-21T14:50:47.609Z,,2020-10-07T15:38:46.333Z
6dea3bff-de18-4c86-b08d-0a124148e705,Glad Alerts - Daily - Geostore - User Areas,Glad-Alerts-Daily-Geostore-User-Areas_1,csv,,0,,2019-11-21T14:59:51.759Z,,2020-10-07T15:38:46.921Z
b3b01537-9497-45aa-b515-37f9c2ffc049,Glad Alerts - Daily - Geostore - User Areas,Glad-Alerts-Daily-Geostore-User-Areas_2,csv,,0,,2019-11-21T16:24:41.326Z,,2020-10-07T15:38:47.470Z
c92b6411-f0e5-4606-bbd9-138e40e50eb8,Tree cover (LM v3),Tree-cover-LM-v3,gee,"3.0, landCover, preproduction, production",2,Tree cover - 2010 | Tree cover - 2000,2020-03-18T12:35:15.292Z,,2020-03-31T08:31:42.644Z
e6ab46fb-fdfe-4dc6-bcac-86f951d7b167,Indonesia forest moratorium (LM v3),Indonesia-forest-moratorium-LM-v3,cartodb,"3.0, concessions, landUse, preproduction, production",1,Indonesia forest moratorium - 2020,2020-03-12T11:39:46.337Z,,2020-03-31T08:31:08.141Z
689395b2-456c-43a2-be0c-fae22cfe7c9a,Recent Satellite Imagery,Recent-Satellite-Imagery_1,wms,"3.0, preproduction, production",1,Recent satellite imagery,2020-04-03T10:44:38.838Z,,2020-04-03T10:44:38.838Z
50c407a6-10fa-4c66-84da-6ae91bb9de01,"Fire alerts (MODIS and VIIRS) summary stats grouped by date, polyname, iso, adm1 and adm2 - v2",Fire-alerts-MODIS-and-VIIRS-summary-stats-grouped-by-date-polyname-iso-adm1-and-adm2-v2,csv,,0,,2019-11-25T20:04:22.749Z,,2020-10-09T05:53:47.387Z
58b05fa5-96c8-403d-8128-a6079b15711e,Congo Basin logging roads (LM v3),Congo-Basin-logging-roads-LM-v3,cartodb,"3.0, infrastructure, landUse, preproduction, production",1,Congo Basin logging roads - 2014,2020-03-12T11:36:15.908Z,,2020-03-31T08:30:12.016Z
af192b21-a200-443a-8d40-cc9d303c853b,GFW Stories (LM v3),GFW-Stories-LM-v3,cartodb,"3.0, preproduction, production",1,Mongabay stories,2020-03-23T15:12:45.308Z,,2020-03-31T08:32:46.044Z
88ba8c39-ec02-4140-89f5-1bdeb43400cf,GLAD Alerts Daily Change - geostore - latest,GLAD-Alerts-Daily-Change-geostore-latest,tsv,,0,,2019-11-28T12:58:21.577Z,,2020-10-07T15:38:51.129Z
323b097f-2d46-4bc7-a42c-a875572d4257,Cambodia economic land concessions (LM v3),Cambodia-economic-land-concessions-LM-v3,cartodb,"3.0, concessions, landUse, preproduction, production",1,Cambodia land concessions - 1995-2021,2020-03-12T11:33:37.925Z,,2020-03-31T08:29:36.808Z
8813dcc7-76bd-40e9-8aaf-a772a82f0631,River basins (LM v3),River-basins-LM-v3,cartodb,"3.0, preproduction, production",1,River basin boundaries,2020-03-12T11:41:21.324Z,,2020-03-31T08:31:19.023Z
603eace3-6e9e-4c85-ad30-936007b40321,Global biodiversity significance 2019 (LM v3),Global-biodiversity-significance-2019-LM-v3,gee,"3.0, biodiversity, preproduction, production",1,Biodiversity significance - 2018,2020-07-22T09:13:42.709Z,,2020-09-29T09:06:58.702Z
587b9951-54aa-4cd5-8929-8aacd5743e15,Tree biomass density  (LM v3),Tree-biomass-density-LM-v3,wms,"3.0, carbonDensity, climate, preproduction, production",1,Tree biomass density,2020-03-19T11:35:19.154Z,,2020-03-31T08:32:07.761Z
7acca489-9398-416e-a877-944a2075d9e4,Tree Cover Loss 2018 Change - Geostore - v20200222,Tree-Cover-Loss-2018-Change-Geostore-v20200222,tsv,,0,,2020-03-31T13:56:14.943Z,,2020-10-08T08:03:51.328Z
fee1cd5d-0553-45a7-8d6c-54e62ed89c25,TEST DATA THOMAS,TEST-DATA-THOMAS,tsv,,0,,2020-04-28T20:45:12.993Z,,2020-10-08T07:52:34.077Z
52384cfa-d306-4ff5-86aa-1923c4eaf6ae,TEST DATA THOMAS 2,TEST-DATA-THOMAS-2,tsv,,0,,2020-04-28T20:53:08.714Z,,2020-10-08T09:51:34.601Z
8a7b6f20-7564-4265-8246-8fd9158814ae,Combined Deforestation Alerts 8bit (LM v3) (v202206),Combined-Deforestation-Alerts-8bit-LM-v3-v202206,wms,"3.0, deforestationAlerts, forestChange, staging",9,GLAD-L alerts | Geographic Coverage | Integrated deforestation alerts | GLAD-S2 alerts | Show only high and highest confidence alerts | Geographic Coverage | Geographic coverage | Geographic coverage | RADD alerts,2022-06-07T15:52:54.970Z,,2022-06-07T15:53:50.073Z
7332c519-5cc3-4d61-82a8-9e6ef93e7e1c,VIIRS Fire Alerts Whitelist - GADM Iso level - v20200429,VIIRS-Fire-Alerts-Whitelist-GADM-Iso-level-v20200429,tsv,,0,,2020-06-26T13:58:47.500Z,,2020-10-08T08:51:09.397Z
22f6d217-63c0-4d53-9112-b7467c5479f3,VIIRS Fire Alerts Whitelist - GADM Adm1 level - v20200429,VIIRS-Fire-Alerts-Whitelist-GADM-Adm1-level-v20200429,tsv,,0,,2020-06-26T13:58:47.856Z,,2020-10-08T08:17:45.187Z
731428c4-fe29-4a51-bee5-857a68784e48,VIIRS Fire Alerts Whitelist - GADM Adm2 level - v20200429,VIIRS-Fire-Alerts-Whitelist-GADM-Adm2-level-v20200429,tsv,,0,,2020-06-26T13:58:48.215Z,,2020-10-08T08:51:27.738Z
fb5dab00-6ff9-4bc7-81be-289d36e758ec,MODIS Fire Alerts Whitelist - GADM Iso level - v20200429,MODIS-Fire-Alerts-Whitelist-GADM-Iso-level-v20200429,tsv,,0,,2020-06-26T13:58:50.031Z,,2020-10-08T08:51:15.584Z
45c20625-19da-45b1-a30b-9364680735d8,MODIS Fire Alerts Whitelist - GADM Adm1 level - v20200429,MODIS-Fire-Alerts-Whitelist-GADM-Adm1-level-v20200429,tsv,,0,,2020-06-26T13:58:50.370Z,,2020-10-08T08:51:11.750Z
08fce28f-f108-4e66-8685-d72f5da79caa,MODIS Fire Alerts Whitelist - GADM Adm2 level - v20200429,MODIS-Fire-Alerts-Whitelist-GADM-Adm2-level-v20200429,tsv,,0,,2020-06-26T13:58:50.669Z,,2020-10-08T08:51:18.976Z
8f7de136-0425-4ccb-b963-36dd32358d33,VIIRS Fire Alerts Whitelist - Geostore - v20200429,VIIRS-Fire-Alerts-Whitelist-Geostore-v20200429,tsv,,0,,2020-07-06T20:34:44.333Z,,2020-10-08T08:51:24.008Z
df8c6344-2f56-441c-8e59-c45c87d11320,MODIS Fire Alerts Whitelist - Geostore - v20200429,MODIS-Fire-Alerts-Whitelist-Geostore-v20200429,tsv,,0,,2020-07-06T20:34:44.652Z,,2020-10-08T09:49:18.706Z
55efbe51-fecd-486c-bf1c-d8520334107f,Test Delete By Query,Test-Delete-By-Query,csv,,0,,2020-07-10T11:12:19.379Z,,2020-10-08T09:49:29.372Z
bc099e2e-0292-4e22-9445-9d428ecf7a56,Potential carbon sequestration rate (LM v3),Potential-carbon-sequestration-rate-LM-v3,gee,"3.0, carbonGains, climate, preproduction, production",1,Potential carbon sequestration rate from natural forest regrowth,2020-07-10T17:01:38.491Z,,2020-09-23T14:45:18.678Z
1ddacdc5-b05e-4ba0-91e6-9b99c66f70b2,Global biodiversity intactness 2019 (LM v3),Global-biodiversity-intactness-2019-LM-v3,gee,"3.0, biodiversity, preproduction, production",1,Biodiversity intactness - 2018,2020-07-22T08:56:59.616Z,,2020-09-29T09:06:22.195Z
0e251685-9d1f-4641-95f4-d401810a9ad3,Birdlife Key Biodiversity Areas (v20191211),Birdlife-Key-Biodiversity-Areas-v20191211,wms,"3.0, biodiversity, preproduction, production",1,Key Biodiversity Areas - 2021,2020-07-29T16:42:35.312Z,,2020-09-24T15:34:08.999Z
eec40644-0c66-4e61-a2c4-b435930b5e51,MODIS Fire Alerts Weekly Change - GADM Iso level - v20200806,MODIS-Fire-Alerts-Weekly-Change-GADM-Iso-level-v20200806,tsv,,0,,2020-08-06T13:16:22.611Z,,2020-10-08T10:08:15.720Z
76ca1dbc-2b2e-4725-8911-c92976fe10f6,MODIS Fire Alerts Weekly Change - GADM Adm1 level - v20200806,MODIS-Fire-Alerts-Weekly-Change-GADM-Adm1-level-v20200806,tsv,,0,,2020-08-06T13:16:24.080Z,,2020-10-08T10:29:54.831Z
60cdc58e-d3dd-498b-8dbe-7bf37c13f7a9,MODIS Fire Alerts Daily Change - GADM Adm2 level - v20200806,MODIS-Fire-Alerts-Daily-Change-GADM-Adm2-level-v20200806,tsv,,0,,2020-08-06T13:16:26.411Z,,2020-10-08T11:47:02.297Z
a90c116c-d43a-4c22-ba30-ff34620ec1fc,MODIS Fire Alerts Weekly Change - GADM Adm2 level - v20200806,MODIS-Fire-Alerts-Weekly-Change-GADM-Adm2-level-v20200806,tsv,,0,,2020-08-06T13:16:28.553Z,,2020-10-08T11:07:04.580Z
85c720b4-2059-4009-bd88-452be9059e29,MODIS Fire Alerts Weekly Change - GADM Iso level - v20200807,MODIS-Fire-Alerts-Weekly-Change-GADM-Iso-level-v20200807,tsv,,0,,2020-08-06T14:41:07.391Z,,2020-10-08T10:08:24.231Z
27fc90d2-35fc-4893-a3cb-87fcd55d8914,MODIS Fire Alerts Weekly Change - GADM Adm1 level - v20200807,MODIS-Fire-Alerts-Weekly-Change-GADM-Adm1-level-v20200807,tsv,,0,,2020-08-06T14:41:08.670Z,,2020-10-08T10:30:06.381Z
efbd05a1-e928-41cb-a3b8-83bc4679e066,MODIS Fire Alerts Daily Change - GADM Adm2 level - v20200807,MODIS-Fire-Alerts-Daily-Change-GADM-Adm2-level-v20200807,tsv,,0,,2020-08-06T14:41:11.030Z,,2020-10-08T11:38:31.052Z
0aae6fe4-f014-493a-b65b-23908981ffa6,MODIS Fire Alerts Weekly Change - GADM Adm2 level - v20200807,MODIS-Fire-Alerts-Weekly-Change-GADM-Adm2-level-v20200807,tsv,,0,,2020-08-06T14:41:12.839Z,,2020-10-08T11:07:09.033Z
efa73147-b6f1-44dc-88d7-8f4d0b99c80c,VIIRS Fire Alerts Whitelist - GADM Iso level - v20200807,VIIRS-Fire-Alerts-Whitelist-GADM-Iso-level-v20200807,tsv,,0,,2020-08-06T16:46:55.341Z,,2020-10-08T09:49:59.681Z
bb7c0ba7-b154-4276-b65a-506f672742d7,VIIRS Fire Alerts Weekly Change - GADM Iso level - v20200807,VIIRS-Fire-Alerts-Weekly-Change-GADM-Iso-level-v20200807,tsv,,0,,2020-08-06T16:46:56.832Z,,2020-10-08T10:02:17.459Z
8ba54b54-d9bb-48f9-9316-20d47bd4878e,VIIRS Fire Alerts Whitelist - GADM Adm1 level - v20200807,VIIRS-Fire-Alerts-Whitelist-GADM-Adm1-level-v20200807,tsv,,0,,2020-08-06T16:46:57.151Z,,2020-10-08T09:50:07.837Z
e6e64caf-64f0-4ad2-a74b-b8fc18ba3e5f,VIIRS Fire Alerts Weekly Change - GADM Adm1 level - v20200807,VIIRS-Fire-Alerts-Weekly-Change-GADM-Adm1-level-v20200807,tsv,,0,,2020-08-06T16:46:58.538Z,,2020-10-08T10:25:15.623Z
0552ecc9-be5d-41f0-9805-629c99d649d8,VIIRS Fire Alerts Whitelist - GADM Adm2 level - v20200807,VIIRS-Fire-Alerts-Whitelist-GADM-Adm2-level-v20200807,tsv,,0,,2020-08-06T16:46:58.853Z,,2020-10-08T09:50:01.376Z
ead25cb4-0c9d-464e-8d88-85d286ab9628,VIIRS Fire Alerts Daily Change - GADM Adm2 level - v20200807,VIIRS-Fire-Alerts-Daily-Change-GADM-Adm2-level-v20200807,tsv,,0,,2020-08-06T16:47:01.569Z,,2020-10-08T11:47:19.258Z
5b737c4f-6275-4f26-a97e-cdfb50df2ec6,VIIRS Fire Alerts Weekly Change - GADM Adm2 level - v20200807,VIIRS-Fire-Alerts-Weekly-Change-GADM-Adm2-level-v20200807,tsv,,0,,2020-08-06T16:47:03.773Z,,2020-10-08T11:00:17.815Z
02f58a44-cdc8-409e-b98c-8e0b8195fe67,MODIS Fire Alerts Whitelist - GADM Iso level - v20200807,MODIS-Fire-Alerts-Whitelist-GADM-Iso-level-v20200807,tsv,,0,,2020-08-06T16:48:42.408Z,,2020-10-08T09:50:16.997Z
ec3fc507-d128-4e68-80ec-5a9a3184e03e,MODIS Fire Alerts Whitelist - GADM Adm1 level - v20200807,MODIS-Fire-Alerts-Whitelist-GADM-Adm1-level-v20200807,tsv,,0,,2020-08-06T16:48:42.686Z,,2020-10-08T09:50:17.221Z
bc66fec5-b227-4926-9ce1-827425dfa570,MODIS Fire Alerts Whitelist - GADM Adm2 level - v20200807,MODIS-Fire-Alerts-Whitelist-GADM-Adm2-level-v20200807,tsv,,0,,2020-08-06T16:48:42.946Z,,2020-10-08T09:50:17.356Z
2f088f77-cc28-4cfc-a214-9f1117af6361,Tree plantations (LM v3),Tree-plantations-LM-v3-STAGING,cartodb,"3.0, landCover, staging",1,Tree plantations,2021-07-28T15:41:20.260Z,,2025-01-02T17:23:57.907Z
5a39f10b-b6e3-4a89-af55-de12c3b11a43,MODIS Fire Alerts Daily Change - WDPA - v20200807,MODIS-Fire-Alerts-Daily-Change-WDPA-v20200807,tsv,,0,,2020-08-26T15:14:13.099Z,,2020-10-08T18:31:47.171Z
389c9518-94fe-4eaa-aa0d-ff13e4cc97bd,MODIS Fire Alerts Weekly Change - WDPA - v20200807,MODIS-Fire-Alerts-Weekly-Change-WDPA-v20200807,tsv,,0,,2020-08-26T15:14:14.219Z,,2020-10-08T18:08:22.021Z
658074e7-191b-406c-99f9-abe9d2235c12,VIIRS Fire Alerts Daily Change - WDPA - v20200807,VIIRS-Fire-Alerts-Daily-Change-WDPA-v20200807,tsv,,0,,2020-08-26T16:53:01.606Z,,2020-10-08T18:34:17.333Z
de5c5539-be53-494b-8997-f5fde515b694,VIIRS Fire Alerts Weekly Change - WDPA - v20200807,VIIRS-Fire-Alerts-Weekly-Change-WDPA-v20200807,tsv,,0,,2020-08-26T16:53:03.615Z,,2020-10-08T18:29:56.051Z
060726b0-3d1e-4548-81f9-f47947d64e1b,Major dams (LM v3)(v202301),Major-dams-LM-v3v202301,cartodb,"3.0, infrastructure, landUse, staging",1,Major dams - 2014,2023-01-30T09:55:13.863Z,,2023-01-30T09:55:27.334Z
ce5bfa29-b245-444f-8e8f-d3cd58b0f2bf,Primary forests (LM v3)(v202301),Primary-forests-LM-v3v202301,gee,"3.0, landCover, staging",1,Primary forests - 2001,2023-01-30T10:06:27.159Z,,2023-01-30T10:07:10.216Z
c0264235-f52f-42cc-8a1f-98eb4e269a35,Brazil biomes (LM v3)(v202301),Brazil-biomes-LM-v3v202301,cartodb,"3.0, landCover, staging",1,Brazil biomes - 2004,2023-01-30T10:02:30.146Z,,2023-01-30T10:02:41.766Z
47a8e6cc-ea40-44a8-b1fc-6cf4fcc7d868,VIIRS Vector Tiles (LM v3) v20220726,VIIRS-Vector-Tiles-LM-v3-v20220726,cartodb,"3.0, fireAlerts, forestChange, staging",1,Fire Alerts (VIIRS),2022-09-22T15:17:58.948Z,,2023-11-02T15:32:33.374Z
3f670279-6d5f-44b0-9e18-cef450d5dd56,Peru protected areas (LM v3)(v202407),Peru-protected-areas-LM-v3v202407,cartodb,"3.0, conservation, landUse, staging",1,Peru protected areas - 2016,2024-07-04T14:55:08.337Z,,2024-07-04T14:56:08.851Z
02cdb03d-a7ae-484c-9ba7-0de73131b7f1,Glad points,Glad-points,csv,,0,,2022-05-11T08:53:35.178Z,,2022-06-01T10:18:51.700Z
69f094da-e0c7-478f-9771-3588c37629b6,Indonesia forest area (LM v3)(v202301),Indonesia-forest-area-LM-v3v202301,cartodb,"3.0, landUse, staging",1,Indonesia forest area,2023-03-07T15:44:39.185Z,,2023-03-07T15:44:55.927Z
44b1f998-adb1-44d1-95c5-7ff3c03d3ae7,Net Change (LM v3) (v202210),Net-Change-LM-v3-v202210,gee,"3.0, forestChange, staging, treeCoverChange",1,Net change in tree cover - 2000 - 2020,2022-10-19T10:54:40.893Z,,2022-10-19T11:47:48.568Z
3b850f92-c7e3-4103-9f24-ea7d41a94b84,Global Fire Weather Index (LM v3),Global-Fire-Weather-Index-LM-v3,gee,"3.0, fireAlerts, forestChange, preproduction, production",1,"Global Fire Weather Index - May 20, 2025",2020-11-23T15:08:59.602Z,2021-01-03T00:00:00.000Z,2021-02-15T09:05:22.419Z
b362db20-9429-484b-95b0-70d598835d08,Global PM2.5 Air Quality Index  (LM v3),Global-PM25-Air-Quality-Index-LM-v3,gee,"3.0, fireAlerts, forestChange, preproduction, production",1,Global Air Quality Index,2020-11-23T12:48:36.166Z,,2021-01-28T11:16:47.741Z
000024ff-048a-47e3-bf67-37c6cfc7d1b3,Global forest canopy height UMD (v202206),Global-forest-canopy-height-UMD-v202206,gee,"3.0, landCover, preproduction, production",1,Tree cover height,2022-07-04T15:46:09.466Z,,2022-07-04T15:46:38.087Z
6aa05ebe-abf9-48e1-9f67-38588ed6f05e,DIST alerts (v202412),DIST-alerts-v202412,wms,"3.0, deforestationAlerts, forestChange",1,Global vegetation disturbance alerts,2024-12-12T16:29:28.378Z,,2024-12-17T15:50:03.124Z
40eda1f1-e221-4d85-b0e5-480334a78bac,Tree Cover Gain 5 years (v202412),Tree-Cover-Gain-5-years-v202412,gee,"3.0, forestChange, staging, treeCoverChange",1,Tree cover gain - 2000-2020,2024-12-19T16:51:22.939Z,,2024-12-19T16:51:35.427Z
bddc258f-348a-4981-8ef0-6d82030eebb9,Natural Forests (LM v3)(v202410),Natural-Forests-LM-v3v202410,gee,"3.0, landCover, staging",1,Natural forests,2024-12-20T13:55:38.324Z,,2025-01-09T16:03:06.329Z
c64a2d42-85af-4fe2-8115-7da9a022ffde,Political boundaries (LM v3) (GADM 4.1),Political-boundaries-LM-v3-GADM-41,cartodb,"3.0, staging",2,Political boundaries | Disputed Political Boundaries,2025-04-24T14:20:37.254Z,,2025-04-29T15:40:16.669Z
41c6e6eb-e3fb-4b5c-a289-48555ee58b2a,Global Peatlands (LM v3) (v202308),Global-Peatlands-LM-v3-v202208,wms,"3.0, landCover",1,Global Peatlands,2023-08-07T16:16:08.318Z,,2023-08-07T16:18:16.281Z
d01fcf0e-d47c-4fcb-be36-57fa3c67a8f4,Places to Watch STAGING,Places-to-Watch-STAGING,wms,"3.0, deforestationAlerts, forestChange, staging",1,Places to watch,2021-11-25T13:41:33.977Z,,2022-03-10T09:03:11.476Z
5bfeb269-705a-4e5e-877f-f03ecf3d368e,Palm oil mills (LM v3)(v202207),Palm-oil-mills-LM-v3v202207,cartodb,"3.0, concessions, landUse, staging",1,Palm oil mills - 2022,2022-07-11T16:12:54.091Z,,2022-07-11T16:13:09.877Z
391ca96d-303f-4aef-be4b-9cdb4856832c,"GLAD alerts summary stats grouped by year, week and iso",GLAD-alerts-summary-stats-grouped-by-year-week-and-iso,csv,"deforestationAlerts, forestChange",0,,2019-06-28T23:54:41.214Z,,2021-12-31T22:52:28.302Z
efaf9e27-a9bd-4b94-b489-c562b4b4d085,"GLAD alerts summary stats grouped by year, week, iso, adm1 and adm2",GLAD-alerts-summary-stats-grouped-by-year-week-iso-adm1-and-adm2_1,csv,,0,,2019-07-23T18:59:18.078Z,,2021-06-09T21:43:55.769Z
137d8303-de60-4476-9517-e3370cb9c543,Forest Landscape Integrity Index (LM v3) (v20190824),Forest-Landscape-Integrity-Index-LM-v3-v20190824,wms,"3.0, landCover, preproduction, production",1,Forest landscape integrity index,2021-02-10T11:03:05.679Z,,2025-07-03T17:38:22.054Z
868089f4-1802-4c44-a56e-9479a2358a45,Intact Forest Landscapes (LM v3) (v202207),Intact-Forest-Landscapes-LM-v3-v202207,cartodb,"3.0, landCover, staging",1,Intact Forest Landscapes - 2000 - 2020,2022-08-10T16:11:08.629Z,,2025-07-03T17:46:39.340Z
1669ccdd-c06f-458d-b4da-c300c33d86ec,Tree cover loss by dominant driver (LM v3) STAGING - 1758820874350,Tree-cover-loss-by-dominant-driver-LM-v3-STAGING-1758820874350,json,,0,,2025-09-25T17:21:14.358Z,,2025-09-25T17:21:33.206Z
78408179-1fec-47d3-b3d0-f2dbd71f0ab0,Tree Cover Loss 2020 Change - GADM Adm1 level - v20210323,Tree-Cover-Loss-2020-Change-GADM-Adm1-level-v20210323,tsv,,0,,2021-03-23T18:03:38.761Z,,2021-03-24T21:29:39.749Z
1649e720-9305-408d-bb91-6e22f9039cd4,Tree Cover Loss 2020 Change - GADM Adm2 level - v20210323,Tree-Cover-Loss-2020-Change-GADM-Adm2-level-v20210323,tsv,,0,,2021-03-23T18:03:42.224Z,,2021-03-23T22:07:48.849Z
c9142f45-4fec-47a3-a03c-0078b3015118,Tree Cover Loss 2020 Summary - GADM Adm2 level - v20210323,Tree-Cover-Loss-2020-Summary-GADM-Adm2-level-v20210323,tsv,,0,,2021-03-23T18:03:43.254Z,,2021-03-25T00:59:17.199Z
d050aa07-c823-4736-9549-394e7532c0b1,Tree Cover Loss 2020 Whitelist - GADM Iso level - v20210323,Tree-Cover-Loss-2020-Whitelist-GADM-Iso-level-v20210323,tsv,,0,,2021-03-23T18:03:37.534Z,,2021-03-23T22:27:38.088Z
2a22d84a-721c-41a4-9de5-19890342f3c1,Tree Cover Loss 2020 Change - GADM Iso level - v20210323,Tree-Cover-Loss-2020-Change-GADM-Iso-level-v20210323,tsv,,0,,2021-03-23T18:03:36.865Z,,2021-03-23T22:27:39.456Z
a19d146d-bead-4dfe-a4cb-8fa0e9793b5e,Tree Cover Loss 2020 Summary - GADM Iso level - v20210323,Tree-Cover-Loss-2020-Summary-GADM-Iso-level-v20210323,tsv,,0,,2021-03-23T18:03:37.256Z,,2021-03-23T22:27:39.816Z
ef7ef241-b9d1-47bf-b98e-6c9dd0c9e275,Tree cover loss 2001-2024 (LM v3) (v202505),Tree-cover-loss-2001-2024-LM-v3-v202405,gee,"3.0, forestChange, staging, treeCoverChange",1,Tree cover loss - 2001-2024,2025-05-20T15:18:17.757Z,,2025-05-21T04:01:44.402Z
8f98c964-7012-49a6-b4e4-ff1ec4d579ca,Tree cover loss due to fires (LM v3) (v202505),Tree-cover-loss-due-to-fires-LM-v3-v202405,gee,"3.0, fireAlerts, forestChange, staging",1,Tree cover loss due to fires,2025-05-20T15:19:37.446Z,,2025-05-21T04:01:58.962Z
4efab209-e95c-404b-8e21-77ec8874e6d0,Tree cover loss by dominant driver (LM v3) (v202505),Tree-cover-loss-by-dominant-driver-LM-v3-v202505,gee,"3.0, forestChange, staging, treeCoverChange",1,Tree cover loss by dominant driver - 2001-2024,2025-05-20T15:29:20.326Z,,2025-05-21T04:02:14.213Z
377f150b-91fe-42ca-8c9a-0911f0895bbf,Emerging hot spots 2002-2024 (LM v3) (v202505),Emerging-hot-spots-2002-2024-LM-v3-v202505,cartodb,"3.0, forestChange, staging, treeCoverChange",1,Emerging hot spots 2002-2024,2025-05-20T15:30:46.459Z,,2025-05-21T04:02:26.348Z
a2801628-0361-4187-befd-b8de75fb4b2c,Gross Carbon Emissions (LM v3) (v202505),Gross-Carbon-Emissions-LM-v3-v202505,wms,"3.0, carbonEmissions, climate, staging",1,Forest GHG emissions - 2001-2024,2025-05-20T15:32:52.543Z,,2025-05-21T04:02:42.107Z
1754999b-3093-4eaa-a6b9-f63da2471dc1,Tree Cover Loss 2020 Summary - GADM Adm2 level - v20210218,Tree-Cover-Loss-2020-Summary-GADM-Adm2-level-v20210218,tsv,,0,,2021-02-19T01:03:44.901Z,,2021-02-19T01:48:49.362Z
fc1afc62-f1f7-466f-a509-743a6d50d5bc,Gross Carbon Removals (LM v3) (v202505),Gross-Carbon-Removals-LM-v3-v202505,wms,"3.0, carbonEmissions, climate, staging",1,Forest carbon removals - 2001-2024,2025-05-20T15:33:41.012Z,,2025-05-21T04:02:57.681Z
f1dee9d4-ba87-4d85-8772-90ac7cde4946,Net Greenhouse Gas Flux (LM v3) (v202505),Net-Greenhouse-Gas-Flux-LM-v3-v202505,wms,"3.0, carbonEmissions, climate, staging",1,Net forest GHG flux - 2001-2024,2025-05-20T15:34:28.755Z,,2025-05-21T04:03:08.557Z
8a4332da-0d5b-4ac3-9a1b-4fe101daecb3,Tree Cover Loss 2020 Summary - GADM Adm1 level - v20210323,Tree-Cover-Loss-2020-Summary-GADM-Adm1-level-v20210323,tsv,,0,,2021-03-23T18:03:39.357Z,,2021-03-24T21:29:43.522Z
29758f3d-c4d0-4a82-a15b-76aa6036e94c,Tree Cover Loss 2020 Change - Geostore - v20210323,Tree-Cover-Loss-2020-Change-Geostore-v20210323,tsv,,0,,2021-03-25T16:22:08.648Z,,2021-03-25T19:35:32.976Z
956dd0f6-9396-4e6b-88eb-1db52f763c9a,Drivers of deforestation alerts PROD,Drivers-of-deforestation-alerts-STAGING-1760630531570,json,"3.0, deforestationAlerts, forestChange",2,Geographic coverage | Drivers of deforestation alerts,2025-10-16T16:02:11.587Z,,2025-10-16T16:13:11.564Z
0190dadb-2f53-415e-95c8-aba1b10afdfa,Tree Cover Loss 2020 Whitelist - GADM Adm2 level - v20210323,Tree-Cover-Loss-2020-Whitelist-GADM-Adm2-level-v20210323,tsv,,0,,2021-03-23T18:03:43.566Z,,2021-03-29T13:20:50.616Z
84aaf340-1a46-46a6-ba84-be1e2a5b5d68,Tree Cover Loss 2020 Whitelist - GADM Adm1 level - v20210323,Tree-Cover-Loss-2020-Whitelist-GADM-Adm1-level-v20210323,tsv,,0,,2021-03-23T18:03:39.661Z,,2021-03-29T13:20:50.944Z
06ac26c2-035d-4c85-9cc1-31db29d7d797,Tree Cover Loss 2020 Change - Geostore - v20210323,Tree-Cover-Loss-2020-Change-Geostore-v20210323_1,tsv,,0,,2021-03-29T13:19:10.314Z,,2021-03-29T13:21:36.160Z
12c4d1c3-3c8a-4296-ba42-8c430b6b31d3,Tree Cover Loss 2020 Change - Geostore - v20210330,Tree-Cover-Loss-2020-Change-Geostore-v20210330,tsv,,0,,2021-03-30T20:09:27.909Z,,2021-03-30T20:09:32.426Z
aa200e13-5baf-443e-9ce8-33b5a9d2190e,12c4d1c3-3c8a-4296-ba42-8c430b6b31d3,12c4d1c3-3c8a-4296-ba42-8c430b6b31d3,tsv,,0,,2021-03-31T04:32:56.029Z,,2021-03-31T04:32:57.356Z
8ec90780-9be7-4632-bbf2-154df696d99b,Landmark (LM v4),Landmark-LM-v3-STAGING-1761063953409,json,"3.0, landUse, people, staging",2,Indigenous and Community Lands | Indigenous and Community Lands (point locations),2025-10-21T16:25:53.417Z,,2025-10-21T18:49:02.257Z
f96292b4-0cc1-4480-9a63-bcfc6012249b,Political boundaries (GADM),Political-boundaries-GADM,cartodb,,0,,2021-02-24T09:25:37.574Z,,2021-02-24T09:25:38.008Z
524120bd-c74d-43c3-abf5-fe0e2e84d793,soc.064.02 Political Boundaries (Second Subnational Level),soc06402-Political-Boundaries-Second-Subnational-Level,cartodb,,0,,2021-02-24T09:25:54.372Z,,2021-02-24T09:25:54.771Z
c7a1d922-e320-4e92-8e4c-11ea33dd6e35,"GLAD alerts summary stats grouped by year, week, iso, adm1 v2",GLAD-alerts-summary-stats-grouped-by-year-week-iso-adm1-v2,csv,"deforestationAlerts, forestChange",0,,2019-06-28T23:54:42.542Z,,2021-06-09T21:43:50.329Z
7c3cf1f5-12f0-4061-af68-b5e5c4e1171a,Cocoa heatmap (v202402),Cocoa-heatmap-v202402,cartodb,"3.0, concessions, landUse, staging",1,Mapped cocoa plots per square kilometer,2024-02-13T11:21:14.587Z,,2024-02-13T11:21:27.405Z
646b12d7-ef86-4070-993a-e24fb00220e0,Peru forest concessions (LM v3) (v202404),Peru-forest-concessions-LM-v3-v202404_1,cartodb,"3.0, concessions, landUse, staging",2,Peru forest concessions - 2023 | Peru forest concessions by type - 2015,2024-05-17T12:29:58.268Z,,2024-05-17T12:30:15.486Z
63e88e53-0a88-416e-9532-fa06f703d435,Summarized GLAD alerts for admin stats,Summarized-GLAD-alerts-for-admin-stats,csv,,0,,2019-06-28T23:54:44.433Z,,2021-06-09T21:43:52.470Z
